<?xml version="1.0" encoding="UTF-8"?>
<LangFile>
	<!--
							Fichier de couleurs d'interfaces
		Syntaxe :
			<entry key="nom de la clef">contenu</entry>
			
		Note :
			Le nom du fichier (sans son extension) est automatiquement ajoute avant la clef. Par
			exemple, pour faire reference aux clefs declarees dans le fichier "colors.xml", il
			faudra ajouter "colors." aux noms des clefs
			
	-->
	
	<!--======================================================================-->
	<!--                            Couleurs                                -->
	<!--======================================================================-->
	
	<entry key="ui.shadow">0xe2e2e2</entry>
	<entry key="ui.bg.pregame">0x534741</entry>
	<entry key="ui.wnd.border">0x605750</entry>
	
	<entry key="grid.title">0xAAA2A2</entry>
	<entry key="grid.bg">0x19c1bca6</entry>
	<entry key="grid.line">0x19d7d1bb</entry>
	<entry key="grid.over">0xbab5a1</entry>
	<entry key="grid.selected">0xafab98</entry>
	
	
	<entry key="multigrid.line">0xaaa693</entry>
	<entry key="multigrid.subline">0xd7d1bb</entry>
	<entry key="multigrid.selected">0xafab98</entry>
	
	<entry key="radio.over">0x2c2e26</entry>
	
	<entry key="combobox.over">0x903D3D33</entry>
	<entry key="combobox.selected">0x252c2d25</entry>
	
	<entry key="shortcut">0xfff074</entry>
	<entry key="hyperlink.link">0x615a4b</entry>
	<entry key="hyperlink.hover">0xfb6e0d</entry>
	<entry key="hyperlink.warning">0x006699</entry>
	
	<entry key="hierarchy.moderator">0xff4343</entry>
	<entry key="hierarchy.gamemaster_padawan">0xc79866</entry>
	<entry key="hierarchy.gamemaster">0xc79866</entry>
	<entry key="hierarchy.administrator">0x686fff</entry>
		
	<entry key="contextmenu.title">0x514a3c</entry>
	<entry key="contextmenu.title.alpha">0.8</entry>
	<entry key="contextmenu.over">0x603d3d33</entry>
	<entry key="contextmenu.border">0x514a3c</entry>
	<entry key="contextmenu.bg">0xd6d2c2</entry>
	<entry key="contextmenu.bg.alpha">0.9</entry>
	<entry key="contextmenu.shadow">0x222222</entry>
	<entry key="contextmenu.separator">0x514a3c</entry>
	<entry key="contextmenu.shortcut">0x797979</entry>
	
	<entry key="timeline.border_current_fighter">0xE73307</entry>	
	
	<entry key="tooltip.bg">0xd6d2c2</entry>
	<entry key="tooltip.bg.alpha">0.9</entry>
	<entry key="tooltip.border">0x000000</entry>
	<entry key="tooltip.border.activePin">0x505050</entry>
	<entry key="tooltip.text.red">0xc10000</entry>
	<entry key="tooltip.text.orange">0xf17921</entry>
	<entry key="tooltip.text.disabled">0x868686</entry>
	
	<entry key="text.glow">0x111111</entry>
	<entry key="text.glow.dark">0x000000</entry>
	<entry key="text.glow.light">0xfffae4</entry>
	<entry key="text.glow.red">0xed6029</entry>
	
	<entry key="fight.text.multi">0x7c44ab</entry>
	<entry key="fight.text.air">0x024f00</entry> <!-- 0x2bb52b -->
	<entry key="fight.text.water">0x008bae</entry>
	<entry key="fight.text.fire">0xdf240a</entry>
	<entry key="fight.text.earth">0x6c3900</entry>
	<entry key="fight.text.neutral">0xe0eeff</entry>
	
	<entry key="chat.bgColor">0xd4cda9</entry>
	
	<entry key="progressbar.blue">0x3af2ff</entry>
	<entry key="progressbar.green">0xccf600</entry>
	<entry key="progressbar.yellow">0xfcc800</entry>
    <entry key="progressbar.pink">0xdf1b45</entry>
    <entry key="progressbar.damage">0xff6a3d</entry>
	<entry key="progressbar.lifePoints">0xc71c26</entry>
	<entry key="progressbar.shieldPoints">0x9966CC</entry>
	
	<entry key="smithmagic.success">0x71ad31</entry>
	<entry key="smithmagic.fail">0x9b4342</entry>
	
	<entry key="map.search.grid.over">0x151513</entry>
	<entry key="map.search.grid.over.alpha">0.6</entry>
	
	<entry key="gamemenu.background">0x000000</entry>
	<entry key="gamemenu.background.alpha">0.8</entry>
</LangFile>